<?xml version="1.0" encoding="UTF-8"?>
<ti:module xmlns:ti="http://ti.appcelerator.org" xmlns:android="http://schemas.android.com/apk/res/android">
	<iphone>
	</iphone>
	<android xmlns:android="http://schemas.android.com/apk/res/android">
		<manifest>
			<application>
				<activity android:name="com.traderinteractive.fyusion.FyusionRecordActivity"/>
				<activity android:name="com.traderinteractive.fyusion.FyusionViewActivity"/>
			</application>
			<uses-feature android:glEsVersion="0x00020000" android:required="true" />
			<uses-feature android:name="android.hardware.sensor.accelerometer" android:required="true" />
			<uses-feature android:name="android.hardware.sensor.gyroscope" android:required="true" />
			<uses-feature android:name="android.hardware.sensor.compass" android:required="false" />
			<uses-permission android:name="android.permission.CAMERA" />
			<uses-feature android:name="android.hardware.camera" android:required="true" />
			<uses-permission android:name="android.permission.READ_EXTERNAL_STORAGE" />
			<uses-permission android:name="android.permission.WRITE_EXTERNAL_STORAGE" />
		</manifest>
	</android>
	<modules>
  </modules>
</ti:module>
