<?xml version="1.0" encoding="UTF-8"?>
<ti:app xmlns:ti="http://ti.appcelerator.org">
    <id>com.commercial.sampledrawer</id>
    <name>sampleDrawer</name>
    <version>1.0</version>
    <publisher>jason.wogan</publisher>
    <url/>
    <description/>
    <copyright>2017 by jason.wogan</copyright>
    <icon>appicon.png</icon>
    <fullscreen>false</fullscreen>
    <navbar-hidden>true</navbar-hidden>
    <statusbar-hidden>false</statusbar-hidden>
    <statusbar-style>LIGHT_CONTENT</statusbar-style>
    <analytics>true</analytics>
    <guid>4392f384-4ffb-40f5-9444-2db7753f9cc0</guid>
    <property name="ti.ui.defaultunit" type="string">dp</property>
    <property name="run-on-main-thread" type="bool">true</property>
    <android xmlns:android="http://schemas.android.com/apk/res/android">
        <manifest android:versionCode="1" android:versionName="1.0"
            package="com.commercial.sampledrawer" xmlns:android="http://schemas.android.com/apk/res/android">
            <application android:theme="@style/Theme.Appcelerator">
                <meta-data android:name="android.max_aspect" android:value="2.1"/>
                <activity
                    android:configChanges="keyboardHidden|orientation"
                    android:name="org.appcelerator.titanium.TiActivity"
                    android:screenOrientation="portrait" android:theme="@style/Theme.Appcelerator"/>
                <activity
                    android:configChanges="keyboardHidden|orientation"
                    android:name="org.appcelerator.titanium.TiTranslucentActivity"
                    android:screenOrientation="portrait" android:theme="@style/Theme.Appcelerator"/>
                <activity
                    android:configChanges="keyboardHidden|orientation"
                    android:name="org.appcelerator.titanium.TiModalActivity"
                    android:screenOrientation="portrait" android:theme="@style/Theme.Appcelerator"/>
                <activity
                    android:configChanges="keyboardHidden|orientation"
                    android:name="ti.modules.titanium.ui.TiTabActivity"
                    android:screenOrientation="portrait" android:theme="@style/Theme.Appcelerator"/>
                <activity
                    android:name="ti.modules.titanium.ui.android.TiPreferencesActivity"
                    android:screenOrientation="portrait" android:theme="@style/Theme.Appcelerator"/>
                <activity
                    android:configChanges="keyboardHidden|orientation"
                    android:label="Sample Drawer"
                    android:name=".SMDActivity"
                    android:screenOrientation="portrait" android:theme="@style/Theme.Appcelerator"/>
            </application>
            <item name="windowActionBar">false</item>
            <item name="windowNoTitle">true</item>
            <supports-screens android:anyDensity="true"/>
            <uses-sdk android:minSdkVersion="16" android:targetSdkVersion="25"/>
        </manifest>
    </android>
    <modules/>
    <deployment-targets>
        <target device="android">true</target>
        <target device="ipad">false</target>
        <target device="iphone">false</target>
    </deployment-targets>
    <sdk-version>7.0.0.GA</sdk-version>
    <plugins>
        <plugin version="1.0">ti.alloy</plugin>
    </plugins>
    <property name="appc-app-id" type="string">5a313c6ce3dae11d239dc2b0</property>
</ti:app>
