<?xml version="1.0" encoding="UTF-8"?>
<ti:app xmlns:ti="http://ti.appcelerator.org">
    <id>com.commercial.hypertest</id>
    <name>hypertest</name>
    <version>1.0</version>
    <publisher>jasonwogan</publisher>
    <url/>
    <description>undefined</description>
    <copyright>2018 by jasonwogan</copyright>
    <icon>appicon.png</icon>
    <fullscreen>false</fullscreen>
    <navbar-hidden>false</navbar-hidden>
    <analytics>true</analytics>
    <guid>9f55a79f-cc1f-4f5b-9555-08636a1d9f35</guid>
    <property name="ti.ui.defaultunit" type="string">dp</property>
    <property name="run-on-main-thread" type="bool">true</property>
    <ios>
        <enable-launch-screen-storyboard>true</enable-launch-screen-storyboard>
        <use-app-thinning>true</use-app-thinning>
        <plist>
            <dict>
                <key>UISupportedInterfaceOrientations~iphone</key>
                <array>
                    <string>UIInterfaceOrientationPortrait</string>
                </array>
                <key>UISupportedInterfaceOrientations~ipad</key>
                <array>
                    <string>UIInterfaceOrientationPortrait</string>
                    <string>UIInterfaceOrientationPortraitUpsideDown</string>
                    <string>UIInterfaceOrientationLandscapeLeft</string>
                    <string>UIInterfaceOrientationLandscapeRight</string>
                </array>
                <key>UIRequiresPersistentWiFi</key>
                <false/>
                <key>UIPrerenderedIcon</key>
                <false/>
                <key>UIStatusBarHidden</key>
                <false/>
                <key>UIStatusBarStyle</key>
                <string>UIStatusBarStyleDefault</string>
                <key>NSCameraUsageDescription</key>
                <string>The Dealer Center app would like to use your camera?</string>
                <key>NSPhotoLibraryUsageDescription</key>
                <string>The Dealer Center app would like to save to your photo library?</string>
                <key>NSPhotoLibraryAddUsageDescription</key>
                <string>The Dealer Center app would like to save to your photo library?</string>
                <key>NSMicrophoneUsageDescription</key>
                <string>The Dealer Center app would like to use your camera?</string>
                <key>NSAppleMusicUsageDescription</key>
                <string>The Dealer Center app would like to use your camera?</string>
                <key>NSSpeechRecognitionUsageDescription</key>
                <string>The Dealer Center app would like to parse your spoken words?</string>
                <key>NSFaceIDUsageDescription</key>
                <string>The Dealer Center app would like to use Face ID to log into the app.</string>
            </dict>
        </plist>
    </ios>
    <android xmlns:android="http://schemas.android.com/apk/res/android"/>
    <modules>
        <module platform="android">hyperloop</module>
        <module platform="iphone">hyperloop</module>
        <module platform="commonjs">ti.cloud</module>
        <module platform="android">com.appcelerator.apm</module>
        <module platform="iphone">com.appcelerator.apm</module>
    </modules>
    <deployment-targets>
        <target device="android">true</target>
        <target device="ipad">true</target>
        <target device="iphone">true</target>
    </deployment-targets>
    <sdk-version>7.1.1.GA</sdk-version>
    <plugins>
        <plugin version="1.0">ti.alloy</plugin>
    </plugins>
    <property name="appc-app-id" type="string">5aea5e043b3a3b61b2765b4a</property>
    <property name="acs-authbase-url-development" type="string">https://secure-identity.cloud.appcelerator.com</property>
    <property name="acs-base-url-development" type="string">https://api.cloud.appcelerator.com</property>
    <property name="acs-oauth-secret-development" type="string">ZMY9jDjBoRbFzTji1fW88ZpJDcpqQtfN</property>
    <property name="acs-oauth-key-development" type="string">1kn1dRnNHeUzVb6PCHQt5AgzMmViOvpr</property>
    <property name="acs-api-key-development" type="string">aqLQuFZB5N0znnVcQomrMQdtNMSFcmMz</property>
    <property name="acs-username-development" type="string">appc_app_user_dev</property>
    <property name="acs-password-development" type="string">6zhWoIXYLtMlik85nn</property>
    <property name="acs-authbase-url-production" type="string">https://secure-identity.cloud.appcelerator.com</property>
    <property name="acs-base-url-production" type="string">https://api.cloud.appcelerator.com</property>
    <property name="acs-oauth-secret-production" type="string">2pwIG3VyVxpgRN3vZ8I2phTwcvWSY1R4</property>
    <property name="acs-oauth-key-production" type="string">ND32wylCL9MPCaChCeJGvnfLaPcfUgAP</property>
    <property name="acs-api-key-production" type="string">wsEIFfv08Mj5k7bZJpB49RdnMwZzg6q3</property>
    <property name="acs-username-production" type="string">appc_app_user</property>
    <property name="acs-password-production" type="string">ScWY0DPIJXUuQXBhZz</property>
    <property name="appc-org-id" type="string">17627275015503</property>
    <property name="appc-creator-user-id" type="string">0559f7d0-dd0c-48fc-8ca9-5dcabe9981f3</property>
    <property name="com-appcelerator-apm-id" type="string">6b5c400ae29847e0baa4cd626da2973d00555300</property>
</ti:app>
