<?xml version="1.0" encoding="UTF-8"?>
<ti:app xmlns:ti="http://ti.appcelerator.org">
    <id>com.traderinteractive.traderTest</id>
    <name>traderTest</name>
    <version>1.0</version>
    <publisher>jason.wogan</publisher>
    <url/>
    <description>undefined</description>
    <copyright>2019 by jason.wogan</copyright>
    <icon>appicon.png</icon>
    <fullscreen>false</fullscreen>
    <navbar-hidden>false</navbar-hidden>
    <analytics>true</analytics>
    <guid>9a3eb6b8-9373-4469-9ccc-84d0b9fe57f9</guid>
    <property name="ti.ui.defaultunit" type="string">dp</property>
    <property name="run-on-main-thread" type="bool">true</property>
    <ios>
        <enable-launch-screen-storyboard>true</enable-launch-screen-storyboard>
        <use-app-thinning>true</use-app-thinning>
        <plist>
            <dict>
                <key>UISupportedInterfaceOrientations~iphone</key>
                <array>
                    <string>UIInterfaceOrientationPortrait</string>
                </array>
                <key>UISupportedInterfaceOrientations~ipad</key>
                <array>
                    <string>UIInterfaceOrientationPortrait</string>
                    <string>UIInterfaceOrientationPortraitUpsideDown</string>
                    <string>UIInterfaceOrientationLandscapeLeft</string>
                    <string>UIInterfaceOrientationLandscapeRight</string>
                </array>
                <key>UIRequiresPersistentWiFi</key>
                <false/>
                <key>UIPrerenderedIcon</key>
                <false/>
                <key>UIStatusBarHidden</key>
                <false/>
                <key>UIStatusBarStyle</key>
                <string>UIStatusBarStyleDefault</string>
            </dict>
        </plist>
    </ios>
    <android xmlns:android="http://schemas.android.com/apk/res/android">
        <manifest android:versionCode="1" xmlns:android="http://schemas.android.com/apk/res/android">
            <application android:icon="@drawable/appicon" android:label="traderTest" android:name="TradertestApplication" android:debuggable="false" android:usesCleartextTraffic="true" android:theme="@style/Theme.AppCompat" android:resizeableActivity="true">
                <activity android:name=".TradertestActivity" android:configChanges="fontScale|keyboard|keyboardHidden|layoutDirection|locale|mcc|mnc|navigation|orientation|screenLayout|screenSize|smallestScreenSize|touchscreen|uiMode|density" android:label="@string/app_name" android:theme="@style/Theme.Titanium" android:alwaysRetainTaskState="true">
                    <intent-filter>
                        <action android:name="android.intent.action.MAIN"/>
                        <category android:name="android.intent.category.LAUNCHER"/>
                    </intent-filter>
                    <intent-filter>
                        <action android:name="android.intent.action.VIEW"/>
                        <category android:name="android.intent.category.DEFAULT"/>
                        <category android:name="android.intent.category.BROWSABLE"/>
                        <data android:scheme="https" android:host="www.jasons.com"/>
                        <data android:scheme="tradertest" android:host="gizmos"/>
                    </intent-filter>
                </activity>
		    </application>
        </manifest>
    </android>
    <modules/>
    <deployment-targets>
        <target device="android">true</target>
        <target device="ipad">true</target>
        <target device="iphone">true</target>
    </deployment-targets>
    <sdk-version>9.3.0.GA</sdk-version> <!--   9.2.3.v20201125044640   -->
    <plugins>
        <plugin version="1.0">ti.alloy</plugin>
    </plugins>
    <property name="appc-app-id" type="string">5ca7b85121c3e23e619982e7</property>
    <property name="com-appcelerator-aca" type="string">1.0.1</property>
    <property name="acs-authbase-url-development" type="string">https://secure-identity.cloud.appcelerator.com</property>
    <property name="acs-base-url-development" type="string">https://api.cloud.appcelerator.com</property>
    <property name="acs-oauth-secret-development" type="string">RzKD0QLGKgI0085tagUfZWOzy81goAJN</property>
    <property name="acs-oauth-key-development" type="string">TpTeVLTjLYFfNlfFGXqqeP8GJbssN1mk</property>
    <property name="acs-api-key-development" type="string">tEasAOli72V8lGmdsLqwYr8rqeW1QBbu</property>
    <property name="acs-username-development" type="string">appc_app_user_dev</property>
    <property name="acs-password-development" type="string">ecCiv0AQYUho74VaZQ</property>
    <property name="acs-authbase-url-production" type="string">https://secure-identity.cloud.appcelerator.com</property>
    <property name="acs-base-url-production" type="string">https://api.cloud.appcelerator.com</property>
    <property name="acs-oauth-secret-production" type="string">n9jmtoEycB0XFdHn3XZrZE5ulWlbcC8s</property>
    <property name="acs-oauth-key-production" type="string">pdG50azmNnKhbKYl0JXTNh86qDilXegr</property>
    <property name="acs-api-key-production" type="string">jfTrf5bHK9EAeC7X4PzahLC1I5Hx1ABC</property>
    <property name="acs-username-production" type="string">appc_app_user</property>
    <property name="acs-password-production" type="string">cVeyuF2u3Mfc9oemx3</property>
    <property name="appc-org-id" type="string">17627275015503</property>
    <property name="appc-creator-user-id" type="string">0559f7d0-dd0c-48fc-8ca9-5dcabe9981f3</property>
</ti:app>
